"DAP","Name","Column","Row","Plot","Trait","NGRDI","BGI","GLI","VARI","myIndex.1","myIndex.2","EPH"
"40","G51",1,10,127,7,0.124853234709896,0.61191261994109,0.179895840615872,0.190153159756928,0.173521561031792,3.28939734406337,0.0713181613176154
"40","G92",2,10,128,4,0.100834974270995,0.60982092814492,0.167340921984502,0.151291165862698,0.213276854989227,3.29699868743505,0.0739996153221925
"40","G37",3,10,129,4,0.144118474543982,0.602537244289308,0.193585304170284,0.220318453448779,0.15266212415236,3.33801994885723,0.0631506222500463
"40","G96",4,10,130,3,0.117076340881091,0.605367263083054,0.177798328420338,0.176805245189644,0.191694519290006,3.31888929936988,0.0750465831043012
"40","G35",5,10,131,4,0.126217308368554,0.623942832427461,0.176501584678712,0.194269080627343,0.159599231973119,3.22668599213795,0.0666882147639779
"40","G13",6,10,132,4,0.0628413231865133,0.636799523158718,0.136961132236969,0.0944843626894799,0.248684128050894,3.15390362862475,0.0194992925974755
"40","G3",7,10,133,4,0.053117429979793,0.637536149139895,0.131167174733671,0.0795912985167092,0.264193308927595,3.15024500113036,0.0172910598782314
"40","G40",8,10,134,4,0.110542229406785,0.595059304075076,0.177906160539726,0.164505385639151,0.211840664270837,3.379770008233,0.0401410718294614
"40","G58",9,10,135,4,0.119656540019802,0.599483980734812,0.181408537256747,0.179585597926554,0.194033720711968,3.3568423706078,0.0748748438002602
"40","G76",10,10,136,2,0.109110870934456,0.60436416741526,0.173758999622555,0.164140690046578,0.204072465514628,3.32419152111795,0.0815865185034965
"40","G95",11,10,137,3,0.0971474577447037,0.605810868588113,0.166643363528226,0.144957396294553,0.223656681043644,3.32089736572672,0.059838235225193
"40","G31",12,10,138,3,0.0966955611973443,0.605125889278367,0.166749955969799,0.144055528071846,0.22364388722945,3.32633406739218,0.0531766434735145
"40","G32",13,10,139,3,0.0592414678827367,0.632849732975876,0.136060658316197,0.0890816014098112,0.258073319028769,3.17034434799846,7.05852774628152e-05
"40","G24",14,10,140,3,0.153794918226675,0.569314395766362,0.211101104473258,0.228388910153502,0.172356757333095,3.54302796179337,0.0639841956240063
"40","G42",1,9,113,5,0.0804367349889328,0.656242958103891,0.140460613122061,0.124485233885912,0.199532031080601,3.05943258676968,0.0634297012470105
"40","G15",2,9,114,3,0.126835307297612,0.606935822387925,0.182628120188292,0.192671003996651,0.175464649636766,3.31236566458854,0.0973202593971422
"40","G29",3,9,115,5,0.0836758753871392,0.645833786779811,0.145685880033719,0.128526727157308,0.205238260813288,3.11222062345877,0.0800489200711692
"40","G28",4,9,116,4,0.152313578157338,0.565373427149208,0.211900859948014,0.224350658105723,0.179579594795762,3.57036101844735,0.0915788477065055
"40","G5",5,9,117,5,0.0977528324616847,0.598046567407047,0.169774326963441,0.144787133271765,0.22997837808988,3.37076342781867,0.0595504944148921
"40","G17",6,9,118,5,0.103196776682878,0.631731126981134,0.161128508411847,0.158381230987661,0.18706798786462,3.17912070945802,0.0582071115400774
"40","G12",7,9,119,4,0.0998303915925428,0.612445585375752,0.165986835245755,0.149944669101709,0.211211000940029,3.28462162966594,0.0573883117736336
"40","G97",8,9,120,3,0.0573320809376289,0.604890687411492,0.144174925273935,0.0837614139760752,0.290023204560181,3.32192476825465,0.0321279341080295
"40","G39",9,9,121,3,0.0978505615799544,0.617863945490916,0.162911245395194,0.147821540559511,0.209157972134677,3.25128240757032,0.0675543457025584
"40","G72",10,9,122,4,0.114871060610953,0.626758179831347,0.169178983545153,0.176713459972457,0.173878195665763,3.20517948002484,0.0858010088073815
"40","G18",11,9,123,3,0.0986847909826744,0.61016974701331,0.165982874489516,0.148215389835311,0.215889331985609,3.29472659132088,0.0725977356402444
"40","G10",12,9,124,5,0.10058199318912,0.601511455920628,0.170107695975091,0.149461606944258,0.223793919885215,3.35085152088923,0.0579665967619535
"40","G67",13,9,125,3,0.0983047299322402,0.621741292823022,0.161744390321897,0.149264422482361,0.205149182059829,3.22938943001075,0.0493207051509083
"40","G30",14,9,126,2,0.0919820853623592,0.614722090104148,0.16059701883113,0.138554224841435,0.222055788975644,3.26867593128397,0.0602195410924065
"40","G38",1,8,99,5,0.104700007010516,0.630827862296151,0.162283612890252,0.160564415502489,0.185126173179072,3.18238509932651,0.0791856816918999
"40","G6",2,8,100,5,0.0766540752095434,0.640255403119605,0.143534037713663,0.116977064526407,0.221212103538245,3.13485466500051,0.0737985413570938
"40","G1",3,8,101,4,0.145191081358159,0.613798091235498,0.190352913157934,0.223482896356908,0.140700658456475,3.28121410838048,0.110276755480108
"40","G2",4,8,102,4,0.0501744627745012,0.643838716293302,0.127563423919707,0.0750777136638731,0.263675571942221,3.12226488315703,0.0546190484025387
"40","G4",5,8,103,4,0.1018097185969,0.626472018571623,0.162201431083275,0.155154305296008,0.195580189761904,3.21035714682554,0.0695899349694677
"40","G11",6,8,104,6,0.0939992239583137,0.640704511711951,0.15304279313539,0.144708314703789,0.192304880140756,3.13183995220027,0.0735046455743849
"40","G14",7,8,105,5,0.128475438753183,0.58996982339527,0.189611627924918,0.19226033050186,0.189353012276658,3.41081754408313,0.0664165478296543
"40","G74",8,8,106,4,0.150397653688906,0.60529823320638,0.195941447772808,0.231058052597612,0.140081509970397,3.31570657101493,0.090815486495712
"40","G65",9,8,107,5,0.134680721266483,0.597524235349393,0.190547395750787,0.202902739567857,0.172356348316812,3.37374631893967,0.0885195802067199
"40","G49",10,8,108,5,0.0657158143915624,0.649599582097023,0.13440321498827,0.100201812204114,0.230794156186411,3.08950060465097,0.0551781062480214
"40","G8",11,8,109,4,0.0722193077015405,0.646711194391222,0.138932301091481,0.11050285715752,0.222582221118691,3.10286833942914,0.0551202976887919
"40","G7",12,8,110,3,0.11686103726256,0.577998506939218,0.187496263352907,0.171539563189915,0.220772917723315,3.48834237411301,0.0682499128503827
"40","G77",13,8,111,3,0.13246680653404,0.617285879393106,0.182080140534375,0.203770165186302,0.155064799282076,3.25284507326502,0.0835459220446817
"40","G79",14,8,112,3,0.152650943818495,0.594947705514147,0.200837208049035,0.232815861667655,0.147700140082927,3.37687514846737,0.111811163244866
"40","G23",1,7,85,3,0.0768473197740079,0.629343973881027,0.147424166565989,0.115597739127054,0.232255215739427,3.19582049896982,0.0741405806511483
"40","G55",2,7,86,4,0.100433822493339,0.624495849380812,0.162146050480246,0.15266038155197,0.198967895929932,3.22018458995674,0.112050458065293
"40","G86",3,7,87,4,0.138773304800152,0.581150604616436,0.198780267430494,0.205892999967718,0.18354003823753,3.4745285499081,0.131271777504192
"40","G46",4,7,88,5,0.105387071000616,0.632018916566261,0.162256438976751,0.161880605177721,0.18288004414056,3.17696052993135,0.0968579025827524
"40","G66",5,7,89,5,0.123912390433777,0.629940569262417,0.17298837238638,0.192182979690967,0.156505510637165,3.18877653660166,0.096216476786026
"40","G25",6,7,90,4,0.10151528076418,0.62104954575855,0.163866276674138,0.153956139899685,0.200737114565092,3.23547223772047,0.0760644639563706
"40","G9",7,7,91,5,0.071538201695233,0.618558512453612,0.147943959968891,0.106438476710848,0.253072906717579,3.25629702529549,0.0499086295604209
"40","G16",8,7,92,4,0.0875724109165835,0.610444285179779,0.159777208427563,0.130275546812262,0.234395641629334,3.29704506166397,0.0542326683260428
"40","G26",9,7,93,5,0.100743828691854,0.621501410050437,0.163413378518891,0.152408707202819,0.202049618032043,3.23875392176228,0.0705816646217407
"40","G93",10,7,94,5,0.073769224352004,0.624992341376083,0.146994880115461,0.110587445444506,0.242089187082158,3.2132538737397,0.056668002932699
"40","G82",11,7,95,5,0.115361200603796,0.605832253578618,0.176500011954159,0.174907323390408,0.193466777388358,3.31314831630833,0.10940811385394
"40","G87",12,7,96,3,0.0844283427257323,0.609951024326503,0.158120884004378,0.125560603218071,0.23913310821832,3.29703323566802,0.0707909315868742
"40","G19",13,7,97,5,0.118783576422503,0.580775460283305,0.187569182848502,0.175263744193345,0.213476938555237,3.4683791049868,0.0632526545787929
"40","G71",14,7,98,4,0.124224064537171,0.581713533451331,0.190197777873878,0.184191807968385,0.2031940113522,3.45666165675063,0.0978298344066801
"40","G29",1,6,71,4,0.0784560185098586,0.657140950002048,0.139041773668699,0.121465560367242,0.201621343459927,3.05329297991907,0.0939633849938425
"40","G21",2,6,72,4,0.134577826731078,0.625985112675863,0.180107025496983,0.209184161081359,0.144016816618467,3.20894617075089,0.108778466864142
"40","G60",3,6,73,5,0.0649706729929319,0.638035164434799,0.137663820850136,0.0983359595527546,0.240348636926171,3.13574750748297,0.0459909365011796
"40","G20",4,6,74,7,0.12556405798695,0.605452740719085,0.182573057558301,0.189977047402245,0.17856713469399,3.32203493875586,0.0971459649699458
"40","G68",5,6,75,6,0.0975445455760312,0.611626960115057,0.165073020856743,0.145868437775726,0.216741313285152,3.29385095215032,0.0653442362950545
"40","G34",6,6,76,3,0.067353216281901,0.631234371400061,0.141212928119168,0.101492761912094,0.245530889375255,3.1769816112057,0.049424465430773
"40","G33",7,6,77,5,0.106375979344122,0.618117275968282,0.16761011456449,0.16138919334697,0.19438608758721,3.25001559847651,0.0668352447639026
"40","G43",8,6,78,5,0.111917987443981,0.606104244399398,0.174812820402119,0.168358191976614,0.198798253802402,3.31712662914745,0.079127472908128
"40","G61",9,6,79,4,0.07357084257006,0.631010209363788,0.144845429428703,0.111135704173464,0.235860627407629,3.18250692140748,0.0497464354667487
"40","G36",10,6,80,3,0.106177259954551,0.583185154993623,0.179523599593556,0.156368429573941,0.230593016585026,3.44902145854291,0.102732420910851
"40","G73",11,6,81,6,0.0996837132170553,0.540912408139817,0.19084652108118,0.141101642470792,0.282539720770363,3.72978032274435,0.114780680944794
"40","G50",12,6,82,4,0.0656566236668315,0.630218696700688,0.140691402067736,0.0983894641631195,0.250256112754319,3.18688272317869,0.0646263830332109
"40","G41",13,6,83,5,0.10693874037626,0.602967299913381,0.173073418770867,0.160320099439518,0.209616146180312,3.3353464313625,0.0766918535435269
"40","G27",14,6,84,4,0.0609331927489758,0.625396818335833,0.139568640911287,0.090823346443299,0.262901779664406,3.2131157623125,0.054343048455371
"40","G59",1,5,57,4,0.137960234712845,0.617659212112266,0.185044041573795,0.212300046316723,0.147327026828713,3.25554228438214,0.12763842860022
"40","G25",2,5,58,4,0.0910844142776831,0.626206442870779,0.156383061488617,0.137892911517868,0.212277617457785,3.21046810903908,0.0690738090614499
"40","G54",3,5,59,5,0.105534431171745,0.615305632589532,0.168153901350385,0.159241004837563,0.200295908517637,3.26875312674265,0.0834778648380561
"40","G90",4,5,60,3,0.112473256484273,0.613377973357334,0.172634447310549,0.170224720011754,0.191424833589122,3.28127981302282,0.069969542209936
"40","G83",5,5,61,3,0.161825609001924,0.62306019920513,0.195710929683926,0.254046291120509,0.105470213057638,3.22201640284144,0.11526955232427
"40","G80",6,5,62,4,0.0502370174055291,0.657884794522285,0.12293528729295,0.0766521420148353,0.248761953626266,3.04767940610465,0.0472348540301402
"40","G97",7,5,63,3,0.0514592909785456,0.612999956864403,0.138021613893468,0.0757846828890634,0.290925312036833,3.27374066255222,0.0446543497912291
"40","G21",8,5,64,3,0.121493472037461,0.620073747633232,0.175079737326396,0.186330538706548,0.17084246695023,3.23997063537471,0.0653440453765846
"40","G32",9,5,65,3,0.0645390753362704,0.636723192835025,0.137939894930337,0.0972528809338682,0.246126502003035,3.15691493557016,0.0359494189369281
"40","G70",10,5,66,4,0.0912757762303892,0.626202654084124,0.156408400373841,0.138416211377295,0.211510464488304,3.20614144439222,0.074172542074974
"40","G96",11,5,67,3,0.116654941863219,0.590865173124189,0.182684651120199,0.174020901720003,0.20535929846899,3.40073736058627,0.0935138367111907
"40","G81",12,5,68,3,0.127676300664678,0.611488685043123,0.181461901066896,0.19497153286595,0.168649625213766,3.28273172656149,0.108186627763752
"40","G15",13,5,69,3,0.133626553262899,0.584866472019387,0.194363725195095,0.199381764090526,0.1864512155454,3.44467870647199,0.0762809308246806
"40","G13",14,5,70,3,0.046454538773855,0.636138796627387,0.127698616114327,0.0693140116726948,0.277697917893042,3.15417323584761,0.0348278638837587
"40","G28",1,4,43,4,0.130710060556655,0.576190884987303,0.196025974981755,0.192460549286108,0.20063507112168,3.50116290408139,0.0914803359177072
"40","G22",2,4,44,4,0.0807061531002445,0.629332801823511,0.149549532814336,0.121899622113328,0.225285804766317,3.19345187752112,0.0633092992303114
"40","G94",3,4,45,5,0.0380124211309843,0.660743804886514,0.114999082382964,0.0577731124997381,0.267270474164515,3.03010315508367,0.03767379743251
"40","G44",4,4,46,4,0.134969464373892,0.5958051774428,0.191214315946216,0.203408497612033,0.173266721227829,3.37945548687401,0.0769922226473506
"40","G47",5,4,47,5,0.117659489513434,0.615451649460889,0.174687896019278,0.179251730915701,0.180186682723202,3.26535954974888,0.067611151331648
"40","G75",6,4,48,3,0.125225001366695,0.625366661296718,0.175406484497044,0.193075556766637,0.158681874010221,3.21319255998714,0.0678087070824146
"40","G10",7,4,49,5,0.0684830611343681,0.623872776173514,0.144444992861859,0.102114634061807,0.251753170194083,3.22208647882314,0.0379938559778327
"40","G9",8,4,50,4,0.0782431317293125,0.6243612493779,0.149864538835318,0.117165726013929,0.235641239276015,3.22237268913323,0.0280941942193178
"40","G33",9,4,51,5,0.093781013640291,0.633234550834574,0.155487971680844,0.143231237432428,0.20037003543824,3.1724637960182,0.0423475967218523
"40","G69",10,4,52,4,0.129910523134429,0.610600377647877,0.183036327524921,0.198396554079579,0.166034715289847,3.29012897675271,0.0878935444823865
"40","G24",11,4,53,3,0.155527676663277,0.566643194267992,0.213004420513593,0.230771584940275,0.172135780759086,3.55852176156726,0.0998044193428393
"40","G88",12,4,54,2,0.11996060984831,0.603381805023496,0.180106609230615,0.181181697503128,0.18909675165578,3.33255578742347,0.0557632410879455
"40","G63",13,4,55,6,0.0861082981086203,0.614461406825969,0.157543676946587,0.128716345005735,0.232302364582293,3.27465180480075,0.0500367127437865
"40","G42",14,4,56,5,0.0641910089619256,0.648434468218685,0.133951379496006,0.0976215353721494,0.234076110185142,3.09449455147081,0.0511671714866232
"40","G62",1,3,29,4,0.0963798174780263,0.649189702004138,0.151496539895315,0.149784463853353,0.179773749285363,3.08934234235783,0.0615450148395012
"40","G8",2,3,30,5,0.0987929306883516,0.634954647832934,0.157711875931048,0.151385654290244,0.191190592218923,3.16642478712626,0.0306256230698114
"40","G57",3,3,31,4,0.137614287379206,0.609015944883183,0.187826757377974,0.210572938719693,0.155119133720273,3.29696182668719,0.0867420490869709
"40","G30",4,3,32,4,0.0896173596591677,0.632403889536401,0.15342104859794,0.136578225770732,0.20867512498344,3.17850137906976,0.0265464746856868
"40","G34",5,3,33,3,0.0524828600968176,0.649456166961001,0.126858169920932,0.0797132192743619,0.252897233223045,3.08617377473181,0.000605869595874988
"40","G84",6,3,34,5,0.0871043769843272,0.631255120687003,0.152508647150494,0.132137320641355,0.213785494911244,3.18646473875757,0.026102772264435
"40","G16",7,3,35,4,0.0770516850800968,0.623471251248617,0.149503612252169,0.115125370287858,0.238390968142702,3.22626766372963,0.0210186868939504
"40","G53",8,3,36,5,0.0778182910361177,0.634152593067944,0.146283417593327,0.117818653438534,0.22609402438492,3.16823402374953,0.0247862318999051
"40","G52",9,3,37,3,0.127958853408747,0.619302988365697,0.179043944425488,0.196300829753076,0.161019104639208,3.24722983717466,0.0792751653222275
"40","G3",10,3,38,3,0.0452226255720989,0.649028558646049,0.122645283576737,0.0689760422527153,0.266760802225762,3.08588217844624,0.0131725954382716
"40","G31",11,3,39,5,0.0812026193301244,0.618869866726782,0.153329513548301,0.121451621283298,0.235206957363976,3.24829201061989,0.0342011887068932
"40","G45",12,3,40,3,0.118620880129013,0.618988765708966,0.174000996316745,0.181262464792423,0.175377044848912,3.24616913036464,0.0608775927670255
"40","G20",13,3,41,6,0.128602726115087,0.596381488936213,0.187553982107488,0.192938192360158,0.183272635139918,3.37750992491388,0.0286594026283654
"40","G2",14,3,42,4,0.0516439781734463,0.635816329521579,0.130799506939634,0.0772725489893053,0.268091809181413,3.15352990336292,0.0147124892717134
"40","G12",1,2,15,5,0.114866456687022,0.615109768964203,0.173380313845898,0.174183471681123,0.18553397612942,3.26973534753934,0.0563827991311934
"40","G22",2,2,16,5,0.101382354588827,0.620237745192116,0.164289546337389,0.153253198570746,0.200322319946116,3.24416390304478,0.0591550378392561
"40","G64",3,2,17,5,0.112714315955642,0.593553882700275,0.179880590317011,0.166988915949747,0.210030910498135,3.39493554443669,0.0536662479118128
"40","G27",4,2,18,4,0.0504319639972,0.636843514418844,0.129910495170015,0.0752421486449403,0.269767804632501,3.1570979702457,-0.0129312506959982
"40","G11",5,2,19,5,0.0577212633503423,0.661254675475432,0.126121002155127,0.0886356182742647,0.232632765424546,3.03319885229141,0.00166194154953198
"40","G56",6,2,20,5,0.113801435167325,0.614892578829539,0.17289289768054,0.172504275986796,0.187000026294452,3.27184755618749,0.0389003764116305
"40","G14",7,2,21,4,0.122589045428681,0.592102277597577,0.185758038368467,0.182685388016624,0.195682926334941,3.39799011051948,0.0342388115877037
"40","G91",8,2,22,2,0.119121184039743,0.584735325208457,0.186413907632297,0.176231917116904,0.209065813396617,3.4459585486332,0.0224752125876948
"40","G48",9,2,23,5,0.0122108633216897,0.672371823011163,0.0964099260464177,0.0185324299197349,0.303554900509567,2.9745449007948,-0.02105558755178
"40","G39",10,2,24,2,0.118241730584191,0.611889245133887,0.176250393945491,0.179530890292498,0.18264947008995,3.28295493477176,0.0392080519376841
"40","G19",11,2,25,5,0.126372036614892,0.577611119866194,0.193061271450966,0.185936250451583,0.206079224222272,3.4908791642327,0.0279254095046977
"40","G40",12,2,26,3,0.101111795952704,0.601197471200808,0.170628137531416,0.150212427272424,0.220770670202311,3.34873343528268,0.0155581333430602
"40","G18",13,2,27,4,0.0734522702175702,0.626924227471047,0.146140832414845,0.110579643048716,0.239781993452279,3.20288166686315,-0.0158405823829603
"40","G41",14,2,28,5,0.101932062899646,0.612531770587134,0.167102723826023,0.153210063934369,0.208208605201866,3.28245714066147,0.0216197884292267
"40","G7",1,1,1,4,0.135342878200993,0.586347406031913,0.195031400357686,0.201367245368455,0.183089499880394,3.44141971251613,0.0329224386984646
"40","G78",2,1,2,4,0.130581484222206,0.639662571571416,0.173285899344091,0.204844552708558,0.135524665057184,3.13856479553868,0.0559934890959502
"40","G6",3,1,3,5,0.109918770830344,0.620314481875687,0.168935431742374,0.166803730912233,0.189238449603898,3.24850038068536,0.0357102714330131
"40","G17",4,1,4,4,0.114124569283296,0.63519677137703,0.1660151625379,0.176519771261245,0.166701698638966,3.16642961258821,0.0235962640565628
"40","G5",5,1,5,5,0.0892240318792117,0.603698722558948,0.163185595268949,0.131637656158967,0.237981054209591,3.33878189951268,-0.0128418637613746
"40","G37",6,1,6,4,0.132975507538521,0.617676587317801,0.182157791487529,0.205090944201904,0.154460767923731,3.25385234589548,0.0368696367225575
"40","G23",7,1,7,4,0.0567069555701326,0.641435151875964,0.132017208501689,0.0852110123385834,0.253702217069375,3.12968926300067,-0.0255021215209207
"40","G26",8,1,8,5,0.109910447129505,0.620713441143172,0.168863163333659,0.166770763558018,0.18790654308809,3.24615351628153,0.000443173065588187
"40","G36",9,1,9,3,0.0846789469909053,0.611472664811107,0.157631618755284,0.126666154142366,0.23660863551571,3.28602713651341,0.00513465489870943
"40","G38",10,1,10,4,0.112225347455762,0.60642004265245,0.174903397441112,0.168881538420195,0.197270559904001,3.31461321241636,-0.000879861179885524
"40","G4",11,1,11,3,0.120248030659545,0.600328996397642,0.181477698779876,0.180491338046048,0.191994976270842,3.35135679642954,0.00193486051517711
"40","G1",12,1,12,2,0.1351178424224,0.613607989379481,0.185061685039933,0.206611840044758,0.155567909876366,3.28202610596683,0.0271347406469055
"40","G89",13,1,13,2,0.109915956910456,0.599490166998939,0.176240967996735,0.16358016731584,0.208556387684207,3.36170798576029,-0.00710230471000216
"40","G85",14,1,14,6,0.0392417263264952,0.673683743613751,0.111714816719611,0.0602863705321805,0.251846961608417,2.97231278509638,-0.0483712601328437
"70","G51",1,10,127,7,0.226919120560217,0.57281664510628,0.249231606130887,0.348718917955272,0.0601051337895008,3.51689791793793,0.534668065722936
"70","G92",2,10,128,4,0.2223215476144,0.520014774738607,0.26883370908648,0.321503601090639,0.1232712846824,3.94206804399455,0.550466613665918
"70","G37",3,10,129,4,0.194906622383018,0.538731923736691,0.24543003851412,0.286555359201075,0.138315170969318,3.74140252208602,0.564704556344159
"70","G96",4,10,130,3,0.237990999938296,0.517401036666404,0.277053131714108,0.349250245093928,0.100219044834648,3.8891547114366,0.557132938676264
"70","G35",5,10,131,4,0.239009435580084,0.558448788754693,0.261323712182797,0.363809299139876,0.0586360621378764,3.6147352829975,0.598288081685225
"70","G13",6,10,132,4,0.212355916818971,0.570856016819735,0.242280192678995,0.323866140507342,0.0822582778252776,3.52657801234945,0.514217962508837
"70","G3",7,10,133,4,0.146553931016845,0.561152103781445,0.210357435092897,0.215273022228684,0.187353635273066,3.59137765226854,0.42011716941112
"70","G40",8,10,134,4,0.216732274489199,0.539381567083386,0.257180629437583,0.320401982337397,0.109757502586666,3.74907484526252,0.512797296993348
"70","G58",9,10,135,4,0.220432062191268,0.521837934001518,0.265902775597432,0.322536755704419,0.119037589418074,3.85734797195086,0.563323285894278
"70","G76",10,10,136,2,0.212430213512455,0.492851774742578,0.273303761697279,0.301883762931381,0.159296283325024,4.09563446659328,0.518815690518697
"70","G95",11,10,137,3,0.256403839212241,0.48194046630579,0.301793570464038,0.366442395034665,0.111926970529792,4.18496205915694,0.639065046460057
"70","G31",12,10,138,3,0.230914665728236,0.545938664108024,0.26182147263618,0.347023947070781,0.0813013986820804,3.68860369086102,0.609964199650247
"70","G32",13,10,139,3,0.218805218061821,0.528600784481941,0.261950289959242,0.322725372651458,0.117646601047816,3.81113471192622,0.529259660663541
"70","G24",14,10,140,3,0.221042842536522,0.466851822416617,0.288797495800409,0.308086141834099,0.173694198362709,4.33221313406071,0.408258681279493
"70","G42",1,9,113,5,0.210567612207472,0.55601639046727,0.247086331937023,0.316512749957004,0.0999314806215611,3.62384550848793,0.537796274035843
"70","G15",2,9,114,3,0.221572551736065,0.49428972492,0.278414626186861,0.313917814501503,0.149503751112622,4.12447384151912,0.502019789899202
"70","G29",3,9,115,5,0.176630905344825,0.577939722256136,0.221208658197968,0.265693095973685,0.127765376466375,3.52284760901159,0.482410520763456
"70","G28",4,9,116,4,0.22514802651975,0.490204985938504,0.282634410700007,0.31879809010456,0.146041125155685,4.19924885805057,0.493391582886268
"70","G5",5,9,117,5,0.250038444002035,0.46041461672099,0.307669124206458,0.349296080302184,0.142894348205061,4.40129027692612,0.626290528159199
"70","G17",6,9,118,5,0.213401683866379,0.516192834064878,0.26440847325791,0.30968309512855,0.135503539284135,3.91074929772415,0.549126786712582
"70","G12",7,9,119,4,0.194276656463354,0.539206315492098,0.24495137588702,0.285547278469094,0.13949951997911,3.74330527800816,0.497280777343616
"70","G97",8,9,120,3,0.193692642690998,0.498295108238011,0.261070228778568,0.272801646216846,0.185624545007555,4.08607967834755,0.472005717128641
"70","G39",9,9,121,3,0.200728607755181,0.542605740179024,0.246975458545846,0.29684280366435,0.12821301853005,3.71718461351048,0.479233679309149
"70","G72",10,9,122,4,0.220461660257806,0.552658270921511,0.253752876736283,0.331631410159158,0.088825290473554,3.64693368250348,0.613190636547697
"70","G18",11,9,123,3,0.225890955832354,0.51123771136296,0.273242918205654,0.32771426099616,0.122899582974262,3.94631493895422,0.580963016078984
"70","G10",12,9,124,5,0.253062005527967,0.510776662847966,0.287949284145678,0.370838710544316,0.0884412714448601,3.9561926043487,0.598247739207723
"70","G67",13,9,125,3,0.195708608529352,0.557150855289797,0.238578373956929,0.292579870537211,0.121830825391755,3.61791357818594,0.500365352657839
"70","G30",14,9,126,2,0.185651163798638,0.556491352510051,0.233412529091643,0.27689522221972,0.134718671795868,3.6239906328207,0.408464549730445
"70","G38",1,8,99,5,0.225470485608084,0.535130914846338,0.263430713067991,0.333934094849334,0.100851160600539,3.77441492778499,0.592176694960398
"70","G6",2,8,100,5,0.238978756419629,0.531563177020916,0.27181426403771,0.355054426005104,0.0873575414588699,3.79344998208401,0.600683818257463
"70","G1",3,8,101,4,0.246361361691577,0.499737257267262,0.288932382799146,0.356884222527222,0.107584022161793,4.04451569377192,0.542331960816981
"70","G2",4,8,102,4,0.243001029574699,0.520010047560232,0.278694806764996,0.35828914695929,0.091249026423148,3.87619285835179,0.520353394830615
"70","G4",5,8,103,4,0.237874152972537,0.520330756335531,0.276103113920326,0.348978397201993,0.0994956032351229,3.88870631552671,0.446018562513907
"70","G11",6,8,104,6,0.201616128643874,0.588888707449562,0.22955729001622,0.31132135393793,0.0819373650001206,3.41818075208987,0.627665889937815
"70","G14",7,8,105,5,0.243888087612433,0.523489138807871,0.277695893557978,0.360904929561881,0.0880492926265525,3.85708245240466,0.542853651951642
"70","G74",8,8,106,4,0.237451579174456,0.542104657490692,0.26677471316292,0.356431850394717,0.0762790497332314,3.71099044979098,0.598959526063455
"70","G65",9,8,107,5,0.252817455902905,0.531908474709394,0.278994419338018,0.377932663860347,0.0675763844361314,3.78866076219754,0.635409603036216
"70","G49",10,8,108,5,0.227752949566103,0.531051728538922,0.266150859446606,0.336846635898547,0.100736749494515,3.79430347258092,0.590688241095023
"70","G8",11,8,109,4,0.208705666879511,0.521789365708331,0.259657974279515,0.304146457064864,0.136263933356592,3.87627016602031,0.555830607835025
"70","G7",12,8,110,3,0.244368515361805,0.508323757677131,0.28443105412017,0.356076428127367,0.101156437670927,3.97462191506751,0.677379994574247
"70","G77",13,8,111,3,0.244062180387478,0.495880657811008,0.289395924010885,0.351788456583336,0.11375180277465,4.07488663523485,0.595460609979193
"70","G79",14,8,112,3,0.234144940651698,0.511053973739607,0.277721164312157,0.341142423731589,0.111666222830662,3.95014608489107,0.601883962983145
"70","G23",1,7,85,3,0.258483350872413,0.4820331937519,0.302805233900259,0.369695575301314,0.110475657729988,4.18897007893585,0.568476372969801
"70","G55",2,7,86,4,0.251812072565343,0.531996477958828,0.278444404105639,0.37666612961163,0.0685794888042713,3.79239737774699,0.613001127893278
"70","G86",3,7,87,4,0.25979562520451,0.487716921641185,0.301385185955289,0.373954348158178,0.102204064425563,4.16328134570358,0.596863920925493
"70","G46",4,7,88,5,0.236625812798889,0.510400957221143,0.279195834466943,0.344962990550634,0.108806282949859,3.94447502884981,0.579764668304854
"70","G66",5,7,89,5,0.231985394015189,0.580234860023312,0.248928591319435,0.359999721539535,0.0461549885044913,3.47172455984332,0.723399434855195
"70","G25",6,7,90,4,0.241045590050739,0.509872734505194,0.282210311817503,0.350758824955763,0.105424618386745,3.97854056207743,0.647843742527931
"70","G9",7,7,91,5,0.251201413845505,0.501664469945924,0.29094666819051,0.36386671209603,0.10127423072974,4.03971989242271,0.592427236185221
"70","G16",8,7,92,4,0.235636226966909,0.532403711170401,0.269624374296301,0.350335229958814,0.0905073056585469,3.78403558998946,0.573617303178952
"70","G26",9,7,93,5,0.198524328897521,0.545819563074348,0.244763113409477,0.293224082391329,0.129973162875644,3.70698247326522,0.482829368418269
"70","G93",10,7,94,5,0.197926534519927,0.572165165247767,0.234664025150239,0.298227399125457,0.103579192577167,3.53724831292207,0.5349152801604
"70","G82",11,7,95,5,0.208280144763006,0.559870565401273,0.244619117762523,0.313173246506579,0.0986395046381939,3.60225759251196,0.635920251532687
"70","G87",12,7,96,3,0.236114144875184,0.519911686854191,0.275310239093354,0.346205030160225,0.101566343979185,3.88964345715882,0.591071875340086
"70","G19",13,7,97,5,0.269302333138817,0.482635469634662,0.308312224527439,0.387128920944733,0.0952889061389209,4.17899523151553,0.598531164360971
"70","G71",14,7,98,4,0.234862606515445,0.501801250318898,0.281939154578523,0.338881569945158,0.121157841906511,4.02525871400639,0.568028452608143
"70","G29",1,6,71,4,0.165642533542049,0.614616127243208,0.20115176792366,0.258674966984604,0.106063449069149,3.28546624709193,0.506248940419676
"70","G21",2,6,72,4,0.221724671266703,0.50639440441803,0.27366762299626,0.317632227844636,0.136895017346749,4.03209013569897,0.494324415096466
"70","G60",3,6,73,5,0.204359436757827,0.567001053362522,0.240044899953007,0.308746506037181,0.0975590197759144,3.58107363614793,0.548001789112512
"70","G20",4,6,74,7,0.230413093396809,0.51983843775308,0.272396909552095,0.336905528818948,0.110110945698871,3.90044449026588,0.558223157714408
"70","G68",5,6,75,6,0.24031784720363,0.535834639242588,0.27086713237871,0.358856501920348,0.0789935288576108,3.75813431685647,0.669435466038559
"70","G34",6,6,76,3,0.234555657351172,0.514044080534442,0.276676641043534,0.34255875485011,0.108271719828178,3.92077913369816,0.560697884396298
"70","G33",7,6,77,5,0.242599254660131,0.524115452240319,0.277005277148888,0.358067611594865,0.0883174677432607,3.85172050125095,0.561536999065371
"70","G43",8,6,78,5,0.245015884705931,0.511597164721111,0.283305118677535,0.358053825941914,0.0977943973290355,3.94127489351824,0.632063820767795
"70","G61",9,6,79,4,0.211065785999631,0.596779214907655,0.231498862902131,0.330325137234863,0.0593547600898115,3.37253397231996,0.573145480181058
"70","G36",10,6,80,3,0.173697758483126,0.542231040941088,0.23231602098002,0.254073865318213,0.167858032087289,3.72006727653719,0.359097773623955
"70","G73",11,6,81,6,0.126379746489593,0.587021660952099,0.189796863116628,0.18753834439683,0.196042009778119,3.43824266687573,0.241222430936061
"70","G50",12,6,82,4,0.143059149798432,0.566719272072025,0.207017479580093,0.209059198682611,0.189480146577532,3.58659286439103,0.436829670992855
"70","G41",13,6,83,5,0.20233628673082,0.535823014200521,0.25076268073117,0.296505923931694,0.134822071305419,3.77970983338172,0.513206582765528
"70","G27",14,6,84,4,0.171526827962985,0.493546534776345,0.251007399507791,0.237864240412453,0.220614244875582,4.15187930332026,0.391474354663621
"70","G59",1,5,57,4,0.259320912626305,0.512166664817716,0.290414408795259,0.382081252953542,0.0785715982949958,3.93000632439511,0.541001553781792
"70","G25",2,5,58,4,0.260860227523026,0.503471315383242,0.295343040943837,0.379893731887035,0.0869690840245299,4.02569317818972,0.651726015514017
"70","G54",3,5,59,5,0.244554703383843,0.561868417455703,0.262781751870613,0.374916008289658,0.0473893983436913,3.59176239019632,0.726265685199212
"70","G90",4,5,60,3,0.242619246114804,0.523307305578038,0.277275205140838,0.358894353803965,0.0881089042718663,3.8601222363332,0.638877200218808
"70","G83",5,5,61,3,0.236526679411029,0.5480499932393,0.26389429800323,0.357167507439271,0.0714570339063819,3.67215565445676,0.572634955243377
"70","G80",6,5,62,4,0.192749386318554,0.577787068058966,0.22944987412809,0.292543601521883,0.10374554797806,3.49080211008999,0.543974363578351
"70","G97",7,5,63,3,0.19196148571401,0.510177838545198,0.255376129977424,0.273258888480726,0.174819445292116,3.98206145514368,0.502668393283409
"70","G21",8,5,64,3,0.231018165346099,0.496797594764386,0.281949783931933,0.330927783165277,0.132528312060622,4.06987571003443,0.511128628934668
"70","G32",9,5,65,3,0.240223931649721,0.537882841972367,0.270075642555555,0.359056468816759,0.0781521516098775,3.75125581729006,0.602059260379725
"70","G70",10,5,66,4,0.229081071748419,0.505020049198772,0.27739354270782,0.330881265690436,0.125978574161152,3.99443959419685,0.498479778819838
"70","G96",11,5,67,3,0.240642480566158,0.501669694202327,0.285079897939305,0.34817337979279,0.11294015305036,4.02370301182452,0.540893915714812
"70","G81",12,5,68,3,0.23915453870004,0.523696401129037,0.275213209511383,0.352969844684633,0.0923009949635451,3.84621940099783,0.561952426029249
"70","G15",13,5,69,3,0.240230002149162,0.487586795251835,0.290835487918879,0.343061946018938,0.127560376280373,4.15309884592887,0.485447242887331
"70","G13",14,5,70,3,0.224132991589143,0.565007980842698,0.250738316012537,0.341949456747191,0.071102664850427,3.56182349747573,0.545615750784219
"70","G28",1,4,43,4,0.215037480259187,0.482794884033309,0.279065678380516,0.302375226978101,0.167828355430044,4.1992908091109,0.422605533753499
"70","G22",2,4,44,4,0.215425945840119,0.526488142111428,0.261507626767388,0.315612849969187,0.123240758692189,3.84666506303994,0.625618151040436
"70","G94",3,4,45,5,0.244233380077414,0.516181007038823,0.280963903714143,0.358612280113132,0.0934551518761357,3.90324312381952,0.648283381756378
"70","G44",4,4,46,4,0.265476830145526,0.495565459168018,0.300957610339141,0.385103595337746,0.0873567490349536,4.07699756489526,0.650913589866997
"70","G47",5,4,47,5,0.264891804179212,0.503138137910109,0.297292466402562,0.387281325120853,0.080386635883145,4.00507794485693,0.675774375490123
"70","G75",6,4,48,3,0.237284205668853,0.541619850515672,0.266972891116677,0.355828348280137,0.0770202989281899,3.71896509752419,0.652397408461201
"70","G10",7,4,49,5,0.246175204101353,0.516770894742093,0.281943790876821,0.361037445522696,0.0923776796012011,3.91363553428111,0.593795329910693
"70","G9",8,4,50,4,0.244073606860443,0.510268954847988,0.283672659948963,0.355157799429038,0.101751233497319,3.97213443852071,0.534002926900858
"70","G33",9,4,51,5,0.236184287922364,0.535547016816082,0.268814245365809,0.351815161260141,0.085352063928047,3.76261488984999,0.526098809808649
"70","G69",10,4,52,4,0.237775788715365,0.518399782373539,0.276550132199744,0.348993970995277,0.100886419103046,3.88754632498207,0.523257543800646
"70","G24",11,4,53,3,0.221655405409829,0.465486941844564,0.289659152884414,0.308906720285058,0.174389432248033,4.34788472498585,0.455407779710511
"70","G88",12,4,54,2,0.22416392515962,0.550269825060746,0.256488195860162,0.337478376709397,0.086241122066912,3.65786118850061,0.520392347378938
"70","G63",13,4,55,6,0.235963099488609,0.568992581953233,0.255407881323009,0.362881929758312,0.0517991403427486,3.54075023990337,0.632416405323028
"70","G42",14,4,56,5,0.22994174388593,0.565412668575292,0.253615710303412,0.351489522202112,0.0637807558639321,3.55957712532738,0.601753042752466
"70","G62",1,3,29,4,0.229497292287204,0.539479820601022,0.263725470275066,0.342299955100447,0.0900731407821207,3.73660797052009,0.540463086746206
"70","G8",2,3,30,5,0.205930718238823,0.529649628492853,0.254987885806502,0.301834746348319,0.132985276782952,3.81771827687406,0.502051955958294
"70","G57",3,3,31,4,0.236646407400131,0.513312388060078,0.278192961820805,0.345566538413713,0.106268768226833,3.93279008123984,0.614007978833674
"70","G30",4,3,32,4,0.221706439662593,0.531380834401209,0.262940825742269,0.327072754319035,0.108036280368938,3.7992061250559,0.534956298979213
"70","G34",5,3,33,3,0.236038650262522,0.501683281047207,0.282746277882988,0.340486454795283,0.119619371650976,4.03253574556432,0.514694536748577
"70","G84",6,3,34,5,0.240833698491848,0.550228175831188,0.265236670440831,0.364828647711848,0.0646334207853923,3.65742092426629,0.538110122530433
"70","G16",7,3,35,4,0.24486826822187,0.52842207962161,0.276502963622261,0.362884272753751,0.0821361164945675,3.82501782264362,0.592434287584621
"70","G53",8,3,36,5,0.249970915683,0.564041125018836,0.264526958054384,0.384933142972808,0.0390788418085914,3.57033542457123,0.604026977122559
"70","G52",9,3,37,3,0.239106449961409,0.532268434275116,0.271676877359506,0.355821273527808,0.084919663956635,3.78944625711829,0.578290147284904
"70","G3",10,3,38,3,0.175712235403423,0.551908375065789,0.230088429953745,0.258454864643265,0.154465059758778,3.6602711664344,0.454848858950092
"70","G31",11,3,39,5,0.226480182446551,0.556846030903555,0.255366049664107,0.342330234266759,0.0772093267408633,3.62199252529507,0.641294968979298
"70","G45",12,3,40,3,0.25810300666571,0.504081066907019,0.293227352442998,0.376997837562543,0.0882835521037787,3.99647382480564,0.60547821424672
"70","G20",13,3,41,6,0.228225360999045,0.482711105446064,0.286184606064932,0.323122341888582,0.149443852805477,4.1921520754947,0.476307926936999
"70","G2",14,3,42,4,0.22332070157942,0.532391794439512,0.26323547467841,0.330392580753062,0.10520788092028,3.78619158160165,0.477116189363826
"70","G12",1,2,15,5,0.21830718902552,0.524600096527467,0.263689777331617,0.319913235568263,0.119856065994823,3.84449959296432,0.492424351444164
"70","G22",2,2,16,5,0.22533576883633,0.532270571457698,0.264464312096582,0.33300524331944,0.103407999593012,3.79133176909363,0.622750058878038
"70","G64",3,2,17,5,0.253206313425825,0.510688504344903,0.287958391937526,0.371168447921541,0.0874957231274263,3.94414384121814,0.612336173405205
"70","G27",4,2,18,4,0.203464413481563,0.484878294893794,0.271642765292309,0.286251662967006,0.182292476048813,4.19366884823202,0.393583826881109
"70","G11",5,2,19,5,0.202966875062212,0.568534546670311,0.237899937227998,0.30846954592443,0.0983943745184774,3.53467786761118,0.532658034392126
"70","G56",6,2,20,5,0.233808553378176,0.559864637825416,0.257865917275378,0.355974074518585,0.0639359948960894,3.59684132088116,0.532940178421268
"70","G14",7,2,21,4,0.253410848133801,0.501341909851733,0.291963906677303,0.368412881023492,0.0968481796153796,4.02212819545308,0.529851531108381
"70","G91",8,2,22,2,0.258065848643602,0.512750073092848,0.289704471514416,0.379721238534982,0.0797859416790983,3.93565388827812,0.611613186678011
"70","G48",9,2,23,5,0.215798307165214,0.548761047420789,0.252856103105923,0.32227739669919,0.100790464859923,3.67921878094838,0.529342184369315
"70","G39",10,2,24,2,0.218108890002195,0.535288184850678,0.259034361118174,0.323335051972066,0.110756488600208,3.76129359765982,0.497924394422355
"70","G19",11,2,25,5,0.281169456037252,0.478549880906248,0.31644645879744,0.404076989052577,0.0846491954099443,4.21728010055035,0.609806382577748
"70","G40",12,2,26,3,0.253085652158262,0.514627812192986,0.286190695960145,0.372635599533052,0.0837066315745809,3.91194936722398,0.491109209259647
"70","G18",13,2,27,4,0.225112980242433,0.52774246604773,0.266245793772925,0.331067744186311,0.108189888237508,3.82764150122628,0.541250391566821
"70","G41",14,2,28,5,0.233535980914276,0.519364218421679,0.27390534726554,0.342523007221842,0.105058506925729,3.87866464904714,0.602902695459525
"70","G7",1,1,1,4,0.246514078018769,0.513823047537706,0.283377414267098,0.360896476622052,0.093229520070103,3.93294757154976,0.597743943769093
"70","G78",2,1,2,4,0.224643631781447,0.530168912703831,0.26494974022553,0.331382229953667,0.10548508818029,3.80433583505758,0.539464156682949
"70","G6",3,1,3,5,0.255536457761574,0.521396031005779,0.284792866114893,0.378549369735833,0.0744731971414914,3.86670129048231,0.54900595859341
"70","G17",4,1,4,4,0.247974745503279,0.50544531255265,0.287331973490734,0.361230485038327,0.099720926625303,3.98904831055863,0.554150110855904
"70","G5",5,1,5,5,0.241814813949949,0.483135322085169,0.293472869414503,0.34386548548787,0.130868083403777,4.18436526875367,0.558128255760776
"70","G37",6,1,6,4,0.214851224258118,0.545876597272318,0.253409285085164,0.320543674417535,0.103504329574896,3.69398628894491,0.553234147612583
"70","G23",7,1,7,4,0.250175865733756,0.497266721575132,0.292181155314511,0.361067347387555,0.106500925430614,4.07209937089924,0.498962390703544
"70","G26",8,1,8,5,0.211289943444175,0.545469092070794,0.25180677545942,0.3136240803157,0.112205834158208,3.71202807572323,0.444473465739938
"70","G36",9,1,9,3,0.159531101271983,0.570859566383749,0.214305740930928,0.236465997613557,0.161624975683264,3.55239636183738,0.250339970251689
"70","G38",10,1,10,4,0.21719168057935,0.545388253260036,0.25529370340348,0.322799552799417,0.101563327957878,3.71251194085683,0.502252893071222
"70","G4",11,1,11,3,0.239838475133971,0.517415256586984,0.278065894124859,0.352103873392978,0.098607891935326,3.89526261979736,0.372200150330017
"70","G1",12,1,12,2,0.228809481032105,0.504781552817452,0.277300313181015,0.330755460660345,0.125735200912493,3.99412906129575,0.385314479571391
"70","G89",13,1,13,2,0.215962777004564,0.537691693106583,0.257433191676198,0.319170671441072,0.111447258014468,3.7611528664719,0.426584798008613
"70","G85",14,1,14,6,0.219090573912872,0.569247403295987,0.246400656593032,0.334513682616396,0.0756265168725624,3.53622400225547,0.490008840970556
"100","G51",1,10,127,7,0.117812736160833,0.523421875401541,0.207570653410637,0.166387314806879,0.272070262745785,3.86811342884947,0.473345078937783
"100","G92",2,10,128,4,0.103337441025789,0.522889819466795,0.199558520944394,0.145019375614677,0.2936331502147,3.88666322658722,0.412906109258933
"100","G37",3,10,129,4,0.116747983051565,0.499644801524213,0.215853273547843,0.16128914429073,0.298410193111936,4.06903595204203,0.42800271781059
"100","G96",4,10,130,3,0.0730245011958141,0.539217442020908,0.175258025214771,0.103223685614173,0.329022224467593,3.73719844898846,0.395933210832583
"100","G35",5,10,131,4,0.113344596258181,0.521547466549833,0.205784572390827,0.159573117525233,0.280367000860582,3.89227430938422,0.423823997139357
"100","G13",6,10,132,4,0.130594042675258,0.531534755214439,0.211676663431794,0.187357593096056,0.243667967244397,3.79317785994163,0.397428457370771
"100","G3",7,10,133,4,0.0819324394287251,0.559516790894785,0.173753772351121,0.11718358716153,0.295205163710041,3.60929861112795,0.354424766142546
"100","G40",8,10,134,4,0.0750633515641699,0.53967538426358,0.176462377952238,0.105890633900127,0.32430171247342,3.73332482264166,0.402449311184149
"100","G58",9,10,135,4,0.0738457254389739,0.566192482948762,0.166795789690178,0.105792400033433,0.2994923651384,3.55631044733791,0.415922075291335
"100","G76",10,10,136,2,0.0807091187597985,0.554965254101611,0.174808320228269,0.114508961113565,0.300491857419352,3.63714046273633,0.31712284075346
"100","G95",11,10,137,3,0.0853323525826848,0.497640886462286,0.197169952188926,0.117761092237681,0.350264927810908,4.05601364649063,0.496832369864481
"100","G31",12,10,138,3,0.0901968996748518,0.533857721888097,0.187321935008867,0.128022699246512,0.3054481685174,3.77933078397724,0.425969085158164
"100","G32",13,10,139,3,0.0830556481339465,0.519620465662583,0.18790819007828,0.116722129102905,0.331197063896979,3.87587384804684,0.395108554920515
"100","G24",14,10,140,3,0.0607980521381051,0.53389012006011,0.169691106030339,0.0853276956559414,0.355723069695338,3.77464526855316,0.352180253898747
"100","G42",1,9,113,5,0.147940865433193,0.50761972280169,0.231099606008321,0.208077401594296,0.238731857495712,3.98167262253996,0.469445039319796
"100","G15",2,9,114,3,0.103349020914342,0.528151459118325,0.197255429726334,0.145801049454745,0.291033362875545,3.82386384809282,0.418851291026497
"100","G29",3,9,115,5,0.0811297927868902,0.583431484237534,0.165120327117317,0.11875090995711,0.271480491108819,3.46618350787561,0.422179386026384
"100","G28",4,9,116,4,0.107868634784965,0.519121499749422,0.203135803070239,0.153423632158305,0.291052067635116,3.94257930685546,0.419235257515977
"100","G5",5,9,117,5,0.122789774144779,0.445836250231802,0.240413814064899,0.162138547596155,0.340362195383059,4.61008427896497,0.426176194988741
"100","G17",6,9,118,5,0.138213800856379,0.469827366024095,0.240034022603438,0.187461503208189,0.292160835962812,4.32507927015508,0.472172404781394
"100","G12",7,9,119,4,0.0830188435167914,0.553029611413769,0.176732402473961,0.118232817338836,0.297108376973812,3.64551389981505,0.429989463613921
"100","G97",8,9,120,3,0.0781549476313507,0.543656542928479,0.177048790781687,0.110571633598947,0.315701756657391,3.72192081964192,0.354845657109205
"100","G39",9,9,121,3,0.0877337375431491,0.542797045617121,0.182436869961474,0.125674517839145,0.302318840150428,3.71036674502244,0.364857905414947
"100","G72",10,9,122,4,0.124427290456726,0.527427214237463,0.209994842901271,0.176715133286043,0.256301610805852,3.83395956033133,0.438886558075806
"100","G18",11,9,123,3,0.130045897967542,0.49362407825901,0.22559603113113,0.180498665493354,0.281238443642179,4.08844645135364,0.482781558985228
"100","G10",12,9,124,5,0.171794477186185,0.474618748791508,0.257831228130324,0.23651432605738,0.237929746305735,4.2870490877824,0.461772377652731
"100","G67",13,9,125,3,0.129480725139041,0.505552664775039,0.2207931157653,0.180216660742779,0.276853221808189,4.01025950073474,0.452799108843938
"100","G30",14,9,126,2,0.0602924702084915,0.563125328071025,0.15971068349853,0.0859321140651859,0.325952977186948,3.57616762670103,0.342522985572589
"100","G38",1,8,99,5,0.129355545620282,0.509813335163715,0.21956284964921,0.180564619184916,0.26782334281789,3.97915680818808,0.447723774378898
"100","G6",2,8,100,5,0.12515796956872,0.531563253900131,0.208995914805464,0.178015005537767,0.250058964891517,3.79634488712179,0.41168672395419
"100","G1",3,8,101,4,0.109560148622436,0.523288039059604,0.202346820367958,0.155107085638901,0.285506448541972,3.84892807590527,0.425811099526391
"100","G2",4,8,102,4,0.0987113435311906,0.499982852160385,0.204054033102131,0.137918277445462,0.32689122442215,4.03912594904338,0.376011429511692
"100","G4",5,8,103,4,0.0834449927825257,0.513578536374068,0.190970780751551,0.115079921147748,0.336652836774174,3.94807121691827,0.395424526656891
"100","G11",6,8,104,6,0.122191257169593,0.578815579933682,0.190118188373208,0.180825314886361,0.209774019055428,3.48384338332541,0.426306727841636
"100","G14",7,8,105,5,0.164351666787797,0.542055050035707,0.226476268294011,0.24201960257222,0.182640102015656,3.71479860550281,0.480431467030222
"100","G74",8,8,106,4,0.0778877214376438,0.56025079503033,0.171196730918758,0.111350215089132,0.299108926996229,3.59919935094699,0.387871762724714
"100","G65",9,8,107,5,0.14325220901248,0.533050375531049,0.21861480366656,0.205623532489542,0.223296354205975,3.7883906584413,0.480040062541808
"100","G49",10,8,108,5,0.166818706568681,0.516174544549597,0.238464673392368,0.237974514415492,0.202286419574548,3.90529986471646,0.468261085462934
"100","G8",11,8,109,4,0.156960512830715,0.499101637779934,0.239388881209892,0.220225513080403,0.234682107623073,4.05111449056619,0.447911351465531
"100","G7",12,8,110,3,0.107767602769322,0.512289777766175,0.20544046497804,0.150836685987119,0.298861262939685,3.93647024221765,0.459269210194492
"100","G77",13,8,111,3,0.0887717235522736,0.520271908531527,0.191478182029703,0.123748281358784,0.321735189107529,3.8789687889396,0.429254087812984
"100","G79",14,8,112,3,0.078220774952041,0.540386488580385,0.177891020870043,0.110940359671604,0.319003216126564,3.72483870726951,0.420622373878393
"100","G23",1,7,85,3,0.15002044129698,0.492199773721202,0.238375636165289,0.207881032710429,0.253897332750496,4.13666122288584,0.447067879195944
"100","G55",2,7,86,4,0.102149009054614,0.514641853082685,0.201849917406568,0.141843726999554,0.306140490992528,3.9575810000067,0.424965052932232
"100","G86",3,7,87,4,0.090574825700998,0.517265266106899,0.193635034786824,0.126317742654291,0.321794077272706,3.91184950664752,0.413485122316795
"100","G46",4,7,88,5,0.116194628311884,0.508746515365359,0.212351842506701,0.161416984769982,0.287352023337951,3.99045950497399,0.422181014331558
"100","G66",5,7,89,5,0.135780604629571,0.578082620102122,0.197981454633302,0.202298595814594,0.189554444078682,3.49769366914454,0.48028605910152
"100","G25",6,7,90,4,0.16911467277823,0.505914360261689,0.24262084084111,0.244058900207544,0.211682021679898,4.01417406212615,0.533115718330626
"100","G9",7,7,91,5,0.159353149717586,0.453437593072187,0.258998737805911,0.214876719022838,0.277041841220923,4.49677948843772,0.493391643916683
"100","G16",8,7,92,4,0.0910735783006774,0.525510603945082,0.191181697024938,0.127082963324662,0.313037436703804,3.84862356949281,0.463336255424731
"100","G26",9,7,93,5,0.122637657774708,0.48756576509163,0.224475580646885,0.166885349767845,0.298909500578045,4.18654974699504,0.418444597124633
"100","G93",10,7,94,5,0.116696001725802,0.552878663349299,0.196414758980933,0.16827936067705,0.242989834572238,3.65089077752566,0.421370969938638
"100","G82",11,7,95,5,0.109095830051128,0.580401086121817,0.182277237591923,0.160793172441856,0.226805843927038,3.4740066746896,0.490041621425737
"100","G87",12,7,96,3,0.113001549929937,0.535296625695266,0.200459756467962,0.161244586640346,0.269311178999269,3.80205617180081,0.498603743284181
"100","G19",13,7,97,5,0.17278244810255,0.478318923798664,0.256764625131425,0.239250682790931,0.232753102074462,4.24693141239641,0.491671990631678
"100","G71",14,7,98,4,0.106423748275567,0.519604485027889,0.202406281135479,0.1489411123818,0.292846933974808,3.89350964541568,0.456021352139292
"100","G29",1,6,71,4,0.142845011317144,0.599643501549154,0.194583337405881,0.216753713649748,0.156528819412508,3.38627346730469,0.496501904288729
"100","G21",2,6,72,4,0.0673920031168302,0.55804897095588,0.165272707005903,0.0979971060390622,0.320177266651624,3.63142383384818,0.387329036575148
"100","G60",3,6,73,5,0.0636499626322377,0.56981274127304,0.159871979314035,0.0908178448285906,0.314277724502089,3.56639518452923,0.366702851707757
"100","G20",4,6,74,7,0.186918123500524,0.48622962476778,0.261998700785406,0.260901398318937,0.204824938859236,4.18884705899957,0.438147165914545
"100","G68",5,6,75,6,0.18058700306775,0.538919481482825,0.237850863660999,0.263355419755522,0.159314646601361,3.76323440783777,0.539437479187766
"100","G34",6,6,76,3,0.128215286614188,0.555271345916672,0.201538870291507,0.187975797364059,0.223395148531371,3.63031518947811,0.490103929735766
"100","G33",7,6,77,5,0.117912970301742,0.505730543591834,0.214355286873567,0.163584774966597,0.288937268248016,4.00915895864997,0.424619959901835
"100","G43",8,6,78,5,0.123217026982865,0.503934282460039,0.218143804234829,0.171319150695096,0.27971997229875,4.00909408015909,0.444470919385493
"100","G61",9,6,79,4,0.089090838211663,0.579789757171171,0.17095904747786,0.130563314852162,0.259734270218394,3.47771342276586,0.399739791197637
"100","G36",10,6,80,3,0.0693766524362343,0.592063702558128,0.155521093128531,0.101158563586637,0.282804509064285,3.41127041912861,0.339943584478964
"100","G73",11,6,81,6,0.162969789154421,0.582060235507512,0.211479478577561,0.246053371595207,0.144109607645509,3.46230243000701,0.491346436822691
"100","G50",12,6,82,4,0.0661864727779239,0.570578867858762,0.160283201210372,0.0965953530701277,0.30948708204224,3.5294083350844,0.457106667205829
"100","G41",13,6,83,5,0.12550095129457,0.538351651822595,0.206941839117237,0.178717486050254,0.243802080999305,3.75490875381004,0.528262994820165
"100","G27",14,6,84,4,0.0716276330719179,0.518204092692287,0.181574499520963,0.100232934208478,0.352732842980077,3.90018997714487,0.407072315330801
"100","G59",1,5,57,4,0.139415739493888,0.510194754386735,0.225167761504664,0.195823349140217,0.251720319018092,3.97407499627575,0.42905663527513
"100","G25",2,5,58,4,0.0932886871168798,0.50474566606363,0.200255230897697,0.128102614579867,0.328904469312225,4.03469267806342,0.393406074287958
"100","G54",3,5,59,5,0.145496916131207,0.523032952691639,0.223744598927682,0.208593357606968,0.227462970869742,3.88782745270173,0.494119153205046
"100","G90",4,5,60,3,0.167226686823588,0.549923676440804,0.225293753275609,0.247939077024347,0.170434829821236,3.67260137294959,0.504488189039995
"100","G83",5,5,61,3,0.0772600292478362,0.553318082226315,0.173133205982405,0.109553117676998,0.310222960550548,3.65016042041847,0.375890592281404
"100","G80",6,5,62,4,0.0878143048912048,0.552933958668632,0.179443684772704,0.125524934547903,0.29033808941201,3.64441863316204,0.385816958636332
"100","G97",7,5,63,3,0.0788157352469732,0.536584280833429,0.180191472128222,0.110248472808384,0.321564853384098,3.78279139585947,0.374823838452492
"100","G21",8,5,64,3,0.0648771521868673,0.549425451300708,0.167175830283458,0.0917226057829928,0.332198680290627,3.67951142640719,0.361546633444785
"100","G32",9,5,65,3,0.0693887959960644,0.536842691104599,0.174393581801318,0.0968532311951205,0.33683618197403,3.77462618392365,0.376743100605518
"100","G70",10,5,66,4,0.0634425614847527,0.533891297546882,0.171739949414714,0.0882435198064427,0.349548164429498,3.78541027673788,0.348495697869705
"100","G96",11,5,67,3,0.0721673605681042,0.56563694239867,0.165836360965325,0.103488139769923,0.304437646860635,3.55857702983552,0.362359669719631
"100","G81",12,5,68,3,0.0728504046299365,0.559451728997627,0.168160624057619,0.104455512391826,0.309875725637514,3.59582165344464,0.38177678134277
"100","G15",13,5,69,3,0.0580409544913209,0.579237249205809,0.152697255216195,0.0843149719465775,0.315482900651084,3.47293825799177,0.319176704090624
"100","G13",14,5,70,3,0.070605379016451,0.562679367632304,0.16584848958064,0.101431330235551,0.309824788106351,3.58284876486937,0.356640796693286
"100","G28",1,4,43,4,0.115763513466115,0.499410108541787,0.214969051408653,0.160891604316587,0.300295405603838,4.06292499248487,0.34959904275809
"100","G22",2,4,44,4,0.0826512473978272,0.53250220977474,0.183583194660523,0.11643049377422,0.31914849511532,3.80332609614514,0.336442007627873
"100","G94",3,4,45,5,0.124687508899142,0.518264223694487,0.213677047346605,0.175218810446578,0.264048940051232,3.89725140147428,0.389080994971788
"100","G44",4,4,46,4,0.193136778813864,0.456029595273534,0.277356272940871,0.264570545463793,0.224048977662805,4.44539024065558,0.406455663173174
"100","G47",5,4,47,5,0.191218328115777,0.478867253108497,0.266978248849644,0.266788380701199,0.202909894543603,4.21466846467528,0.40640358391299
"100","G75",6,4,48,3,0.100182155091583,0.537787637338435,0.192184337013953,0.141752676425675,0.2852801421555,3.75670232853907,0.41902388250704
"100","G10",7,4,49,5,0.180999627345847,0.480051819004073,0.260844952750225,0.251215471605196,0.21949398671226,4.23152407710151,0.422678502234966
"100","G9",8,4,50,4,0.162780657389805,0.472276217809631,0.253094125849369,0.224270547526625,0.253651300765983,4.29608804750667,0.440170000157593
"100","G33",9,4,51,5,0.132965703936565,0.51068717021907,0.221409660698736,0.186112202836181,0.258792201657657,3.96212013375658,0.392569973510571
"100","G69",10,4,52,4,0.101292826250599,0.527098063610584,0.196430926826315,0.142815827782873,0.294661679456062,3.83050529930672,0.381467500511002
"100","G24",11,4,53,3,0.077714838573444,0.548823239558173,0.174977962506884,0.110088647202175,0.312485087290847,3.68075931766385,0.323794719239167
"100","G88",12,4,54,2,0.0708424082987632,0.579764839118281,0.15993351562005,0.103839960882572,0.292221433482189,3.46437635763062,0.388842454266919
"100","G63",13,4,55,6,0.148579645393925,0.572260131561218,0.207008045828002,0.221707354489273,0.175542098572953,3.52184737446815,0.461310216465515
"100","G42",14,4,56,5,0.159537470836166,0.54608457146496,0.222793672379482,0.233950754852002,0.183726267756942,3.69071122525102,0.439324509461204
"100","G62",1,3,29,4,0.123227494096831,0.515348786504175,0.214111753932566,0.172012159147029,0.272111828386736,3.94648922580837,0.347020587837301
"100","G8",2,3,30,5,0.112269390671224,0.51484392518099,0.207809974853791,0.15659036030248,0.287801756255932,3.94509019031235,0.292586231406453
"100","G57",3,3,31,4,0.131696517925239,0.497174448757503,0.225447453712006,0.18266058321517,0.275845628738238,4.06608228415743,0.360761703786953
"100","G30",4,3,32,4,0.0781147286509036,0.52821843021074,0.182342261551023,0.109243735424663,0.331354787296735,3.82608999144699,0.272327972936799
"100","G34",5,3,33,3,0.049201443648928,0.550503049174172,0.157332467602329,0.0692186199705183,0.358356524058249,3.6686596193343,0.262293991174904
"100","G84",6,3,34,5,0.0826343757067767,0.559008206252692,0.174268941807658,0.118856157800788,0.291810657104232,3.60564142202046,0.329268689743145
"100","G16",7,3,35,4,0.0883861076365611,0.547211933357971,0.181582088539377,0.126883251178085,0.295365743396464,3.69485838636503,0.335325131731362
"100","G53",8,3,36,5,0.117482265806631,0.53967421686659,0.201285617818322,0.168717528344971,0.254739320060186,3.73486169143016,0.362970143867349
"100","G52",9,3,37,3,0.0626740616412372,0.555092664617089,0.163868435015121,0.0889422898947278,0.330074432381819,3.63498136754826,0.34134876130352
"100","G3",10,3,38,3,0.0685145527508165,0.580230034801157,0.158897637978416,0.0989493210583131,0.295219289621294,3.47015381525935,0.272744087114955
"100","G31",11,3,39,5,0.0848407667482451,0.57480010585031,0.170266839738933,0.123029858174211,0.274109793158946,3.51285856689382,0.290939023354989
"100","G45",12,3,40,3,0.0917836637466196,0.522543888862942,0.19270178214691,0.127593672301913,0.31498797596633,3.86857237216493,0.340809191891854
"100","G20",13,3,41,6,0.16178746660218,0.488483089213614,0.246790901300324,0.223922177267521,0.239601076323528,4.16891890913731,0.331423545796447
"100","G2",14,3,42,4,0.0913501368754944,0.515061659727227,0.195010122756139,0.126704201429131,0.322829064938423,3.92782104633594,0.307382338871952
"100","G12",1,2,15,5,0.115214339873396,0.531211321821168,0.203538618698551,0.162675054619973,0.267706146480401,3.81428952964274,0.323457721286312
"100","G22",2,2,16,5,0.0738260180533662,0.550958326536367,0.172045687654492,0.104536553926307,0.31432249527825,3.65959245280632,0.308776004239447
"100","G64",3,2,17,5,0.108239596406316,0.522123599803381,0.202531701776507,0.152081852763351,0.286346078738162,3.86941392252358,0.344946084741243
"100","G27",4,2,18,4,0.109434298141283,0.526694447184117,0.201186347802461,0.155269108583132,0.282879431849217,3.84079551253836,0.265905765032246
"100","G11",5,2,19,5,0.137907790536585,0.550353602762906,0.209307821050273,0.200058991350367,0.213698819691804,3.66525662690524,0.267008509172582
"100","G56",6,2,20,5,0.144856892186877,0.54260167154026,0.215956591703247,0.210127812639065,0.20936323159965,3.71420872737468,0.283192646888158
"100","G14",7,2,21,4,0.0816967763294429,0.557352584017184,0.174167592827973,0.117166174689686,0.296757664526194,3.61078481877425,0.232024513787319
"100","G91",8,2,22,2,0.0859004403227355,0.559263161732881,0.176407242045734,0.122632332586048,0.287314522928238,3.61344646776745,0.235205573429537
"100","G48",9,2,23,5,0.0872351679388526,0.56070131210845,0.176400207556012,0.125493937772346,0.283221869876432,3.59264020168919,0.259714831550049
"100","G39",10,2,24,2,0.0842840725047037,0.524847670351202,0.187185995705117,0.11752660578079,0.325364714555619,3.84408317147759,0.316493582832045
"100","G19",11,2,25,5,0.165388897540229,0.48225011014722,0.250912107128465,0.229054876480169,0.240253862215209,4.20709500684925,0.343645760941794
"100","G40",12,2,26,3,0.0799591370255568,0.546046372048595,0.177144979126483,0.113357353210063,0.311224355740599,3.69169228871995,0.243700761894011
"100","G18",13,2,27,4,0.097939672996681,0.527891223043851,0.194291534131738,0.137992340492775,0.29839143121056,3.83170011307269,0.293358706639849
"100","G41",14,2,28,5,0.115374683767091,0.538209623238524,0.20081991363212,0.164458375359288,0.258966655909428,3.74023579908432,0.360911984320799
"100","G7",1,1,1,4,0.120584610949832,0.514504968346277,0.212492574676787,0.168839557280112,0.27767944679602,3.93884612055429,0.276067833586259
"100","G78",2,1,2,4,0.0843216766642264,0.541972582475722,0.181454912776276,0.118895807244403,0.305463694146984,3.72212957066153,0.292028098031163
"100","G6",3,1,3,5,0.100392706734144,0.556817093144349,0.185762283092916,0.143715636582248,0.266847480093966,3.63406247172092,0.203245863419863
"100","G17",4,1,4,4,0.110368493014216,0.504763602279868,0.21007523543012,0.153343544981054,0.301174661000043,4.01911616825319,0.246532504749556
"100","G5",5,1,5,5,0.144656542700912,0.463856219674076,0.246612409000546,0.194885909292692,0.288462212603579,4.40848900498238,0.266493956145292
"100","G37",6,1,6,4,0.108220127073117,0.512753402711206,0.206430143459317,0.149346980434397,0.298533902996512,3.97337616121021,0.274438087840607
"100","G23",7,1,7,4,0.122100939798303,0.504645971358864,0.216880870345456,0.170179000973629,0.286025462726408,4.02315905820015,0.235098485184536
"100","G26",8,1,8,5,0.140981678979398,0.486211130421635,0.235760108598163,0.19322159958112,0.271383124125032,4.19463328769619,0.223842682093069
"100","G36",9,1,9,3,0.0645309390700629,0.595830996951629,0.151417359254806,0.0941205410321315,0.286362051465957,3.3809543196334,0.11649786667681
"100","G38",10,1,10,4,0.0979707784280125,0.55104255514744,0.186343409266563,0.139835575582367,0.274010659057218,3.66293618159829,0.250556892169173
"100","G4",11,1,11,3,0.0727387194372426,0.561075143536895,0.167899684453738,0.103744718520061,0.307110592341124,3.59373836562294,0.184751801658522
"100","G1",12,1,12,2,0.116525961912717,0.568313219268253,0.190667343981707,0.169869123239953,0.232626011470987,3.55827589385526,0.0794460875853379
"100","G89",13,1,13,2,0.085626728537792,0.580201002902632,0.168653837763834,0.125411026355539,0.266964385889502,3.47125460832258,0.183657790037426
"100","G85",14,1,14,6,0.157309382646192,0.585844645989569,0.207066321938418,0.237602370916835,0.148127457911607,3.43917601630527,0.272263018413998
